message_id,message_text,message_date,channel_name,view_count,loaded_at
97,"⚠️**Notice!
**Dear esteemed customers,
Due to four-day motorbike movement restrictions, we have limited our services to matchmaking,drug information, and medical consultation only.

**N.B. 
**🔅We will make deliveries for those for whom the medications are urgent.
🔅You can book deliveries starting from Monday, February 13, 2023",2023-02-10 12:23:06,CheMed123,1157,2025-07-11 22:00:53.069571
96,"Mela-One በውስጡ ሆርሞን ያለው ድንገተኛ ወሊድ መቆጣጠርያ ሲሆን ያለመከላከያ የተደረገ የግብረስጋ ግንኙነት ሲኖር በ72 ሰዓታት ወስጥ መወሰድ ይኖርበታል።

📌ከChe-Med ለማዘዝ፡ 
በቴሌግራም ግሩፓችን- t.me/CheMeds
ዌብሳይት- www.chemeds.org
ይዘዙን።",2023-02-02 08:58:52,CheMed123,1086,2025-07-11 22:00:53.069603
95,"**አዚትሮማይሲን** በሃኪም መድሃኒት ማዘዣ ከሚታዘዙ አንቲባዮቲኮች አንዱ ሲሆን በርከት ያሉ ባክቴርያዎችን ይገላል።

በቀን አንዴ ለ3 ቀናት ምግብ ከመብላታችን 1 ሰዓት ቀደም ብሎ ወይንም ከበላን ከ 2 ሰዓት በኋላ መወሰድ ይኖርበታል።

📌የሃኪም ማዘዣ ካልዎት 
በቴሌግራም ግሩፓችን-t.me/CheMeds
ዌብሳይት- www.chemeds.org
ይላኩልን።",2023-02-01 08:59:37,CheMed123,984,2025-07-11 22:00:53.069605
94,"**Che-Med Trivia #3

**ምግብና መጠጦች አንዳንድ መድሃኒቶች በደንብ እንዳይሰሩ ሊያደርጉ ይችላሉ። በዚህ ሁኔታ እነዚህን መድሃኒቶች ምግብ ከወሰድን ከ1 ሰዓት እስከ 2 ሰዓት ባለ ጊዜ ውስጥ መውሰድ ያስፈልግዎታል።

ከነዚህም ወስጥ **የእንቅርት መድሃኒቶች፣Omeprazole፣Sildenafil(Viagra)፣Captopril እና Ampicillin** ይጠቀሳሉ።

መድሃኒትዎ ከምግብ ጋር ያለውን አወሳሰድ እርግጠኛ ካልሆኑ ሃኪምዎን ወይም ፋርማሲስትዎን ያማክሩ።",2023-01-31 09:19:53,CheMed123,759,2025-07-11 22:00:53.069606
93,"**Che-Med Trivia #2

**እንደ Ciprofloxacin, Doxycycline, Levothyroxine, Iron supplement ያሉ መድሃኒቶችን ከወተት እና ከወተት ተዋፅዖዎች ጋር እንዲሁም ከእንቁላል ጋር መውሰድ መድሃኒቶቹ በሰውነታችን የሚፈለገውን ስራ እንዳይሰሩ ያደርጋቸዋል።

ይህም በወተት ተዋጽኦዎች ውስጥ ያለው ካልሲየም እነዚህ መድሃኒቶች በሰውታችን ወስጥ እንዳይዋህዱ ጣልቃ ስለሚገባ ነው።",2023-01-30 09:45:25,CheMed123,660,2025-07-11 22:00:53.069608
92,"**You can get our services at:
**Our pharmacist:** ****https://t.me/CheMedAssistant9798****
**Our call center: **9798
**Our website: **www.chemeds.org**",2023-01-27 07:18:40,CheMed123,638,2025-07-11 22:00:53.069609
91,"**Che-Med Trivia #1
**The U.S. pharmaceutical industry is the largest in the world, making up about 40% of the worldwide drug development, manufacturing, and revenue generation. And half of the world’s top 10 pharmaceutical companies are in America, including the headquarters for Johnson & Johnson, Pfizer, Merck and Co., AbbVie, Eli Lilly and Co., and Abbott Laboratories. In fact, Johnson & Johnson’s revenue alone reached $82.6 billion in 2020.",2023-01-26 18:27:53,CheMed123,567,2025-07-11 22:00:53.069610
90,"**CVS Daytime & Nighttime Cold and Flu Relief

**ለሰሞኑ ጉንፋን ማስታገሻ በአንደኝነት ተመራጭ የሆነውን **CVS Daytime & Nighttime Cold and Flu Relief** Che-Med ይዞላችሁ መጧል።

በቁጥር ውስን ስለሆኑ ቀድመው ይዘዙን።

ለማዘዝ፦
Our pharmacist:** ****https://t.me/CheMedAssistant9798****
**Our call center: **9798
**Our website: www.chemeds.org

Che-Med is the best way to find your meds!",2023-01-23 10:39:20,CheMed123,596,2025-07-11 22:00:53.069612
89,"🟠ለናንተ ለደምበኞቻችን ይሆናሉ ያልናቸዉን ምርጥ ቫይታሚንና ሰፕልመንቶች እነሆ!!

አጭር የTiktok ቪዲዮአችንን በመመልከት ግንዛቤዎን ይጨምሩ።
👇👇👇👇👇👇👇👇👇👇👇👇👇
https://vm.tiktok.com/ZMYJHUVde/

የTiktok ቻናላችንን Like እና Follow ያድርጉ።",2023-01-17 19:10:57,CheMed123,2221,2025-07-11 22:00:53.069613
88,"🌞**Sundown Cinnamon!
Supports sugar metabolism**.

Che-Med **Sundown Cinnamon** **Supplement Product** ይዞላችሁ መጧል።

በቁጥር ውስን ስለሆኑ ቀድመው ይዘዙን።

ለማዘዝ፦
Our pharmacist:** ****https://t.me/CheMedAssistant9798****
**Our call center: **9798

**Che-Med is the best way to find your meds!",2023-01-17 08:43:12,CheMed123,487,2025-07-11 22:00:53.069614
18527,"**Apple Cider Vinegar 
Price 3000 birr 
Telegram ****@Lobeliacosmetics****
Msg👉 Lobelia pharmacy and cosmetics 
☎️ call ****0911562031****/0911587703
Adress:- Infront of Bole Medhanialem high school ALEMNESH PLAZA GROUND FLOOR 
Open Monday - Monday from 8am until midnight ከሰኞ - እስከ ሰኞ  ከጧቱ 2:00 ስዓት - እስከ ምሽቱ 6:00 ሰዓት
🏍🏍🏍 የትራንስፖርት አማራጭ ከ70 - 500 ብር
For delivery option fees are from 70 birr - 500 birr**",2025-07-11 07:12:05,lobelia4cosmetics,410,2025-07-11 22:00:53.162153
18526,"TERRA DATTES
Price 3500 birr 
Telegram @Lobeliacosmetics
Msg👉 Lobelia pharmacy and cosmetics 
☎️ call 0911562031/0911587703
Adress:- Infront of Bole Medhanialem high school 
ALEMNESH PLAZA GROUND FLOOR 
Open Monday - Monday from 8am until midnight ከሰኞ - እስከ ሰኞ  ከጧቱ 2:00 ስዓት - እስከ ምሽቱ 6:00 ሰዓት
🏍🏍🏍 የትራንስፖርት አማራጭ ከ70 - 500 ብር
For delivery option fees are from 70 birr - 500 birr",2025-07-11 07:12:05,lobelia4cosmetics,133,2025-07-11 22:00:53.162171
18525,"**CHIA **SEEDS **
Price 3500 birr 
Telegram ****@Lobeliacosmetics****
Msg👉 Lobelia pharmacy and cosmetics 
☎️ call ****0911562031****/0911587703
Adress:- Infront of Bole Medhanialem high school 
ALEMNESH PLAZA GROUND FLOOR 
Open Monday - Monday from 8am until midnight ከሰኞ - እስከ ሰኞ  ከጧቱ 2:00 ስዓት - እስከ ምሽቱ 6:00 ሰዓት
🏍🏍🏍 የትራንስፖርት አማራጭ ከ70 - 500 ብር
For delivery option fees are from 70 birr - 500 birr**",2025-07-11 07:12:05,lobelia4cosmetics,183,2025-07-11 22:00:53.162173
18524,"**ORGANIC EXTRA OLIVE OIL 2L
Price 6500 birr 
Telegram :-****@Lobeliacosmetics****
Msg👉 Lobelia pharmacy and cosmetics 
☎️ call ****0911562031****/0911587703
Adress:- Infront of Bole Medhanialem high school 
ALEMNESH PLAZA GROUND FLOOR 
Open Monday - Monday from 8am until midnight ከሰኞ - እስከ ሰኞ  ከጧቱ 2:00 ስዓት - እስከ ምሽቱ 6:00 ሰዓት
🏍🏍🏍 የትራንስፖርት አማራጭ ከ70 - 500 ብር
For delivery option fees are from 70 birr -500 birr**",2025-07-11 07:12:05,lobelia4cosmetics,100,2025-07-11 22:00:53.162174
18523,"Cinnamon Toast Crunch **
Price 3000 birr 
Telegram :-****@Lobeliacosmetics****
Msg👉 Lobelia pharmacy and cosmetics 
☎️ call ****0911562031****/0911587703
Adress:- Infront of Bole Medhanialem high school 
ALEMNESH PLAZA GROUND FLOOR 
Open Monday - Monday from 8am until midnight ከሰኞ - እስከ ሰኞ  ከጧቱ 2:00 ስዓት - እስከ ምሽቱ 6:00 ሰዓት
🏍🏍🏍 የትራንስፖርት አማራጭ ከ70 - 500 ብር
For delivery option fees are from 70 birr -500 birr**",2025-07-11 07:12:05,lobelia4cosmetics,250,2025-07-11 22:00:53.162176
18522,"VITAMIN D3 1000IU 650 SOFT GELS 
Price 6500 birr 
Telegram :-@Lobeliacosmetics
Msg👉 Lobelia pharmacy and cosmetics 
☎️ call 0911562031/0911587703
Adress:- Infront of Bole Medhanialem high school 
ALEMNESH PLAZA GROUND FLOOR 
Open Monday - Monday from 8am until midnight ከሰኞ - እስከ ሰኞ  ከጧቱ 2:00 ስዓት - እስከ ምሽቱ 6:00 ሰዓት
🏍🏍🏍 የትራንስፖርት አማራጭ ከ70 - 500 ብር
For delivery option fees are from 70 birr -500 birr",2025-07-11 04:00:30,lobelia4cosmetics,390,2025-07-11 22:00:53.162177
18521,"FOLIC ACID 
Price 5000 birr 
Telegram https://t.me/lobelia4cosmetics
Msg👉 Lobelia pharmacy and cosmetics 
☎️ call 0911562031/0911587703
Adress:- Infront of Bole Medhanialem high school 
Open Monday - Monday from 8am until midnight ከሰኞ - እስከ ሰኞ  ከጧቱ 2:00 ስዓት - እስከ ምሽቱ 6:00 ሰዓት
🏍🏍🏍 የትራንስፖርት አማራጭ ከ70 - 200 ብር
For delivery option fees are from 70 birr - 200 birr",2025-07-11 04:00:29,lobelia4cosmetics,412,2025-07-11 22:00:53.162178
18520,"St. John's Wort 150 Capsules 
Price 5000 birr  
Telegram https://t.me/lobelia4cosmetics
Msg👉 Lobelia pharmacy and cosmetics 
☎️ call 0911562031/0911587703
Adress:- Infront of Bole Medhanialem high school 
Open Monday - Monday from 8am until midnight ከሰኞ - እስከ ሰኞ  ከጧቱ 2:00 ስዓት - እስከ ምሽቱ 6:00 ሰዓት
🏍🏍🏍 የትራንስፖርት አማራጭ ከ70 - 200 ብር
For delivery option fees are from 70 birr - 200 birr",2025-07-11 04:00:29,lobelia4cosmetics,265,2025-07-11 22:00:53.162179
18519,"ZINC 400 TABLETS 
Price 6500 birr 
Telegram https://t.me/lobelia4cosmetics
Msg👉 Lobelia pharmacy and cosmetics 
☎️ call 0911562031/0911587703
Adress:- Infront of Bole Medhanialem high school 
Open Monday - Monday from 8am until midnight ከሰኞ - እስከ ሰኞ  ከጧቱ 2:00 ስዓት - እስከ ምሽቱ 6:00 ሰዓት
🏍🏍🏍 የትራንስፖርት አማራጭ ከ70 - 200 ብር
For delivery option fees are from 70 birr - 200 birr",2025-07-11 04:00:29,lobelia4cosmetics,229,2025-07-11 22:00:53.162181
18518,"IRON 365 TABLETS 
Price 5000 birr 
Telegram https://t.me/lobelia4cosmetics
Msg👉 Lobelia pharmacy and cosmetics 
☎️ call 0911562031/0911587703
Adress:- Infront of Bole Medhanialem high school 
Open Monday - Monday from 8am until midnight ከሰኞ - እስከ ሰኞ  ከጧቱ 2:00 ስዓት - እስከ ምሽቱ 6:00 ሰዓት 
🏍🏍🏍 የትራንስፖርት አማራጭ ከ70 - 200 ብር
For delivery option fees are from 70 birr - 200 birr",2025-07-11 04:00:29,lobelia4cosmetics,247,2025-07-11 22:00:53.162182
172219,,2025-07-11 10:00:57,tikvahpharma,215,2025-07-11 22:00:53.217062
172218,,2025-07-11 10:00:57,tikvahpharma,215,2025-07-11 22:00:53.217080
172217,"TO BE SOLD PHARMACY SHELF
04/11/2017
PHARMACY FOR SALE
1/ BOLE BULEBULA DRUG STORE
2/LAFTO DRUG STIRE
3/GERJI PHARMACY
4/HAYATE PHARMACY
5/SARIES PARMACY
6/BETEL PHARMACY 
7/ATENA TERA PARMACY
CONTACT AS 0983848760/0908299838",2025-07-11 10:00:57,tikvahpharma,212,2025-07-11 22:00:53.217081
172214,"**CPD         **+251974059645**  **
በጣም #ከታላቅ **ቅናሽ** ጋር  #የሞያ_ፈቃድ_ለማሳደስ_CPD አሁን  ይመዝገቡ   

**  አስደሳች ዜና **#የሙያ** ፍቃዳችሁን ላላሳደሳችሁ የጤና  ባለሙያዎች በሙሉ ✅**

**CPD Online ይሰልጥኑ አሁን ይደውሉ ይመዝግቡ   ወይንም  በቴሌግራም ይመዝገቡ** 
                 **Telegram :- **@infocpd**
                  Call :- **+251974059645
**    **                  
***** ማሳሰቢያ  ተመሳሳይ ስለሚኖር  የ እኛ  በጣም ቅናሹ ኪሰዎን የሚያጎድ የ እኛ ነው !! 
         (Benefit  packages)
15 CEU=400 BIRR
30 CEU=800  BIRR
45 CEU=1000 BIRR
60 CEU=1200 BIRR **
**            
Online CPD TRAINING (All Health Department )

ባሉበት ቦታ ሆነው ስልጠናውን ይውሰዱ ፡ ሰርትፌኬትዎን ባሉበት ቦታ ይቀበሉ
              **
               **ከ ሌሎች ልዩነታችን**
👌 **1ኛ  ልዩ የሚያደርገን እውቅና ያለን**

**    በጤና ሚንስቴር ብቸኛ እና እውቅና ያለው  የ CPD ስልጠናዎች የሚቀርቡበበት  ዌብሳይት እንደሆን ያውቃሉ። 

**        **All department (ሁሉም ድፓርትመንት)
1. GP    
2. HO   
3. Ansthetsia  
4. Nurse 
5. Midwifry   
6.Pharmacy 
7. Labratory 
8, others health professional 

      Registration - Ongoing
ስልጠናውን በተመቾት ጊዜ ይውሰዱ፤ የልዩ ቅናሽ ተጠቃሚ ይሁኑ።

**👌 2**ኛ ልዩ የሚደርገን በታማኝነት ድጋፍ ምክር መስጠት
  ሁሌም ምዝገባ ሁሌም ስልጠና አለ
ለስልጠና ብለዉ ጊዜ ገንዘብዎን  አያባክኑ።ባሉበት  ሆነው የሚፈልጉትን  CEU ነጥቦች እንዲያሟሉ እናግዛለን 
**
**    ለበለጠ መረጃ እና ቲክኒካል ድጋፍ 

            ባሉበት ሆነው  አሁን ይደውሉ
*** 👉 ትክክለኛው ስልክ ቁጥር ይሄ ብቻ ነው!!
📱 **+251974059645**

እና በ ቴሌግራም  ያናግሩን 
  👉 **@Infocpd**

ቲሌግራም ግሩፕ ለመቀላቀል
👉**https://t.me/infocpdonlinetraining",2025-07-11 09:31:02,tikvahpharma,243,2025-07-11 22:00:53.217083
172209,,2025-07-11 09:06:59,tikvahpharma,282,2025-07-11 22:00:53.217084
172206,"NEW JOB VACCANCY 
04/11/2017
INTERNAL SPECALIST WZ LICENSE PLACE ADIS ABEBA SALARY 150,000eTB
DOCTOR(Gp) place SEMET
SENIOR PHARMACIST WZ LICENSE DISPENSING PLACE OF WORK
1/GERJI
2/BOLE MEDEHANEYALEM 
3/SEMET
4/PAULOS 
5/ MERY 40/60
6/MESALEMEYA(02)
SENIOR DRIST WZ LICENSE DISPENSING PLACE 
1/SULULETA  16,000 ETB
2/KOYE 
3/GORO
PAR TIMER
CMC
KARA KORE
CONTACT AS  0983848760/0908299838",2025-07-11 08:22:30,tikvahpharma,402,2025-07-11 22:00:53.217085
172196,"**Urgent vacancy** 

#Position: store person And sales person
 
#for sales person call only if have experience in sales 

#Profession: Pharmacists/Druggist

#Company:  Wholesale

#Location: Semit Pepsi_AA 

#Apply: 0990262188",2025-07-11 07:51:57,tikvahpharma,427,2025-07-11 22:00:53.217087
172188,"**Tikvah Sales
(Pharma Import)**

#AMYN 
Amoxicillin 250mg 10x10
📆08/27  
📦150  

#Amucap
Amoxicillin 500mg 10x10
📆11/27  
📦100  

#Acyclovir cream  
📆05/27  
📦400  

#B.Penicillin
 📆11/27  
📦1000  

#Clavamayn
co-amoxi 625MG, 2x10
📆10/26  
📦117  

#Cefixime 400mg,10tab
📆05/27  
📦450  

#Corzinc syrup 100ml  
📆05/27  
📦100  

#Chlorphenamine 
4mg 10x10
📆11/27  
📦400  

#IFITRIM
Co-trimoxazole sus 
📆11/27  
📦100  

#Diphenhydramine 
12.5mg/5ml  
📆12/27  
📦100  

#Eleron
haematinic drop15ml  
📆02/26
📆09/25  
📦100
📦100  

PPF 4MIU
📆06/27  
📦600  

#Genalben
Albendazol Sus, 10ml  
📆05/27  
📦200  

#HCT 25mg, 10x10
📆11/27  
📦400  

#I-UP
Ferrous ascorbate &
folic acid 200ml  
📆06/26  
📦20  

#Irofas
(iron syrup) 150ml  
📆01/26  
📦100  

#Multivitamin tab 10x10
📆12/26  
📦200  

#M-clox 500mg 10x10
📆11/26  
📦50  

#Nubend-400mg
Albendazol 1x10
📆11/27  
📦96  

#Phenobarbital tab
30mg  10x10
📆12/27  
📦60  

#Prop med -40
Propranolol 40mg  10x10
📆11/27  
📦400  

#Penimax-50
Sildenafil  tablet 1x4
📆07/26  
📦750  

#Propmed-10
Propranolol 10mg 10x10  
📆12/27  
📦400  

#Neurolin 10x3
Pregabelin cap 75 mg
📆10/27  
📦360  

#Salbutamol tab 4mg
10x10
📆11/27  
📦400  

#Vitacor (M. syrup 30ml)  
📆11/25  
📦120  

+251917176560

💬DM at @tespha
                 @tikvah_sales
**4Updates**
@e_Pharma1",2025-07-11 07:33:03,tikvahpharma,396,2025-07-11 22:00:53.217088
172187,"**Tikvah Sales
(Pharma Import)**

#Diphenhydramine 
oral Solution BP, 12.5 mg/5ml
📦100 bottle
⏰ 01/2028

#Azithromycin 200mg/5ml 
(Mytiazee Oral 
Suspension), 15 ml
📦400 bottle
⏰ 01/2027

#Co-trimoxazole 
240mg/5ml 
(Pediatrics )
📦100 bottle
⏰ 12/2027

#Paracetamol susp.
120mg/5ml, 60ml
📦150 bottle
⏰01/2028

#Clotrimazole Cream, 15gm 
📦320 Tube 
⏰ 01/2027

#CLAVΑΜΥΝ-625 MG tab, 
2*10 
(Amoxicillin c.acid)
📦117 pk
⏰ 12/2026

#Azithromycin 500mg
Tablet 1*3 tab
📦1320 pk
⏰ 10/2027

#Diclosafe 100mg 
suppository (Diclofenac 
sodium Suppository 2*5)
📦256 pk
⏰ 07/2027 

With free & fast delivery.

+251917176560
💬DM at @tespha
                 @tikvah_sales
**4Updates**
@e_Pharma1",2025-07-11 07:33:03,tikvahpharma,264,2025-07-11 22:00:53.217089
172186,"🔤🔤🔤🔤🔤 🔤🔤🔤🔤🔤
🔤🔤🔤
Adult weight scale with height
Ambu bag adult
Aneroid bp
Angiographic(Coronary catheters )
Baby scale digital with length
BP infant
ECG-Clip electrode for ECG of 4
EEG-ECG electrodes,
50 pcs/pack
Eye Chart
Face shield
Hearing aid Chargeable
Identification Tag blue
Identification Tag blue
Infrared Thermometer
IPB transducer kit
I-STAT cartridges
Iv stand
Littman classic III
Medical Air valve Flow meter wall outlet type
Medical gas outlets
MUAC tape Pediatric
Nebulizer
Oxygen cannula Adult
Oxygen Cannula Pediatric
Oxygen mask adult
Oxygen mask pediatric
Torch Rechargeable
water quality test strip for total hardness-0-425mg/l
MEDICAL EQUIPMET,SCHOOL TEACHING AIDS,SAFETY AND PROTECTION MATERIALS.. call 0911608318 &0911182884
###Himed Sales
091 160 8318
https://maps.app.goo.gl/4USdr4iD4ExeWbjE9
https://t.me/himedmedicalequipment",2025-07-11 07:29:13,tikvahpharma,6185,2025-07-11 22:00:53.217091
